{
  "meta": {
    "max_k": 100
  },
  "ks_curve": [
    0,
    1,
    2,
    3,
    4,
    5,
    6,
    7,
    8,
    9,
    10,
    11,
    12,
    13,
    14,
    15,
    16,
    17,
    18,
    19,
    20,
    21,
    22,
    23,
    24,
    25,
    26,
    27,
    28,
    29,
    30,
    31,
    32,
    33,
    34,
    35,
    36,
    37,
    38,
    39,
    40,
    41,
    42,
    43,
    44,
    45,
    46,
    47,
    48,
    49,
    50,
    51,
    52,
    53,
    54,
    55,
    56,
    57,
    58,
    59,
    60,
    61,
    62,
    63,
    64,
    65,
    66,
    67,
    68,
    69,
    70,
    71,
    72,
    73,
    74,
    75,
    76,
    77,
    78,
    79,
    80,
    81,
    82,
    83,
    84,
    85,
    86,
    87,
    88,
    89,
    90,
    91,
    92,
    93,
    94,
    95,
    96,
    97,
    98,
    99,
    100
  ],
  "sections": {
    "all": {
      "recall_curve": [
        0.0,
        0.14267967664519388,
        0.20994030567134014,
        0.26023729833385006,
        0.31243905290112184,
        0.34582788705547324,
        0.36439492002250623,
        0.38999667458977805,
        0.3961144464730672,
        0.41225290801152875,
        0.43443898859760927,
        0.4632138137724345,
        0.4682294877536257,
        0.47322948775362567,
        0.49687546476511996,
        0.5053932366484091,
        0.5206459839011564,
        0.5235637557844455,
        0.5600528666735564,
        0.5750685406547476,
        0.5913196458713701,
        0.6131707510879925,
        0.6181864250691838,
        0.6197248866076452,
        0.6211041969524728,
        0.6211041969524728,
        0.6263405605888365,
        0.6263405605888365,
        0.6319405605888364,
        0.6334790221272979,
        0.6468123554606313,
        0.650448719096995,
        0.6573664909802841,
        0.6573664909802841,
        0.658966490980284,
        0.660566490980284,
        0.6671049525187456,
        0.6771049525187456,
        0.7184842628635733,
        0.7298635732084009,
        0.7312428835532283,
        0.7312428835532283,
        0.7326221938980559,
        0.7326221938980559,
        0.7326221938980559,
        0.7326221938980559,
        0.7326221938980559,
        0.7326221938980559,
        0.7326221938980559,
        0.7341606554365174,
        0.7341606554365174,
        0.7341606554365174,
        0.7441606554365174,
        0.7441606554365174,
        0.7441606554365174,
        0.7441606554365174,
        0.7441606554365174,
        0.7441606554365174,
        0.7481606554365174,
        0.7481606554365174,
        0.7481606554365174,
        0.7481606554365174,
        0.7481606554365174,
        0.7481606554365174,
        0.7481606554365174,
        0.7497606554365174,
        0.7497606554365174,
        0.7497606554365174,
        0.7497606554365174,
        0.7497606554365174,
        0.7497606554365174,
        0.7497606554365174,
        0.7528991169749791,
        0.7528991169749791,
        0.7528991169749791,
        0.7528991169749791,
        0.7528991169749791,
        0.7528991169749791,
        0.7528991169749791,
        0.7528991169749791,
        0.7528991169749791,
        0.7528991169749791,
        0.7528991169749791,
        0.7528991169749791,
        0.7528991169749791,
        0.7528991169749791,
        0.7528991169749791,
        0.7608991169749791,
        0.7608991169749791,
        0.7608991169749791,
        0.7608991169749791,
        0.7608991169749791,
        0.7608991169749791,
        0.7608991169749791,
        0.7608991169749791,
        0.7608991169749791,
        0.7608991169749791,
        0.7608991169749791,
        0.7608991169749791,
        0.7608991169749791,
        0.7608991169749791
      ],
      "recall_table": [
        {
          "k": 1,
          "Recall": 0.14267967664519388
        },
        {
          "k": 5,
          "Recall": 0.34582788705547324
        },
        {
          "k": 10,
          "Recall": 0.43443898859760927
        },
        {
          "k": 20,
          "Recall": 0.5913196458713701
        },
        {
          "k": 50,
          "Recall": 0.7341606554365174
        },
        {
          "k": 100,
          "Recall": 0.7608991169749791
        }
      ],
      "metrics_table": [
        {
          "k": 10,
          "NDCG": 0.4998362349503592,
          "MAP": 0.39186541950113374,
          "MRR": 0.6417777777777778
        },
        {
          "k": 50,
          "NDCG": 0.5777533855747927,
          "MAP": 0.4101612824810358,
          "MRR": 0.6479097744360902
        },
        {
          "k": 100,
          "NDCG": 0.5864594899147256,
          "MAP": 0.41313601870266853,
          "MRR": 0.6479097744360902
        }
      ],
      "num_queries": 25,
      "num_eval_queries": 25
    },
    "critical": {
      "recall_curve": [
        0.0,
        0.1425,
        0.18008621553884707,
        0.2370724310776942,
        0.2918390977443609,
        0.343877694235589,
        0.3681972431077694,
        0.3896972431077695,
        0.3975691729323308,
        0.4246744360902256,
        0.43877443609022554,
        0.48137969924812035,
        0.48704636591478695,
        0.49204636591478695,
        0.512646365914787,
        0.5224130325814536,
        0.5306273182957393,
        0.5347939849624059,
        0.5726082706766917,
        0.5916082706766916,
        0.6357749373433584,
        0.6563749373433584,
        0.6620416040100251,
        0.6620416040100251,
        0.6637082706766917,
        0.6637082706766917,
        0.6693082706766917,
        0.6693082706766917,
        0.6749082706766917,
        0.6749082706766917,
        0.6749082706766917,
        0.6789082706766918,
        0.6829082706766917,
        0.6829082706766917,
        0.6845082706766918,
        0.6861082706766918,
        0.6936082706766917,
        0.706941604010025,
        0.7486082706766918,
        0.7636082706766918,
        0.7652749373433584,
        0.7652749373433584,
        0.7669416040100252,
        0.7669416040100252,
        0.7669416040100252,
        0.7669416040100252,
        0.7669416040100252,
        0.7669416040100252,
        0.7669416040100252,
        0.7669416040100252,
        0.7669416040100252,
        0.7669416040100252,
        0.7769416040100252,
        0.7769416040100252,
        0.7769416040100252,
        0.7769416040100252,
        0.7769416040100252,
        0.7769416040100252,
        0.7809416040100251,
        0.7809416040100251,
        0.7809416040100251,
        0.7809416040100251,
        0.7809416040100251,
        0.7809416040100251,
        0.7809416040100251,
        0.7825416040100253,
        0.7825416040100253,
        0.7825416040100253,
        0.7825416040100253,
        0.7825416040100253,
        0.7825416040100253,
        0.7825416040100253,
        0.7841416040100252,
        0.7841416040100252,
        0.7841416040100252,
        0.7841416040100252,
        0.7841416040100252,
        0.7841416040100252,
        0.7841416040100252,
        0.7841416040100252,
        0.7841416040100252,
        0.7841416040100252,
        0.7841416040100252,
        0.7841416040100252,
        0.7841416040100252,
        0.7841416040100252,
        0.7841416040100252,
        0.7841416040100252,
        0.7841416040100252,
        0.7841416040100252,
        0.7841416040100252,
        0.7841416040100252,
        0.7841416040100252,
        0.7841416040100252,
        0.7841416040100252,
        0.7841416040100252,
        0.7841416040100252,
        0.7841416040100252,
        0.7841416040100252,
        0.7841416040100252,
        0.7841416040100252
      ],
      "recall_table": [
        {
          "k": 1,
          "Recall": 0.1425
        },
        {
          "k": 5,
          "Recall": 0.343877694235589
        },
        {
          "k": 10,
          "Recall": 0.43877443609022554
        },
        {
          "k": 20,