{
  "meta": {
    "max_k": 100
  },
  "ks_curve": [
    0,
    1,
    2,
    3,
    4,
    5,
    6,
    7,
    8,
    9,
    10,
    11,
    12,
    13,
    14,
    15,
    16,
    17,
    18,
    19,
    20,
    21,
    22,
    23,
    24,
    25,
    26,
    27,
    28,
    29,
    30,
    31,
    32,
    33,
    34,
    35,
    36,
    37,
    38,
    39,
    40,
    41,
    42,
    43,
    44,
    45,
    46,
    47,
    48,
    49,
    50,
    51,
    52,
    53,
    54,
    55,
    56,
    57,
    58,
    59,
    60,
    61,
    62,
    63,
    64,
    65,
    66,
    67,
    68,
    69,
    70,
    71,
    72,
    73,
    74,
    75,
    76,
    77,
    78,
    79,
    80,
    81,
    82,
    83,
    84,
    85,
    86,
    87,
    88,
    89,
    90,
    91,
    92,
    93,
    94,
    95,
    96,
    97,
    98,
    99,
    100
  ],
  "sections": {
    "all": {
      "recall_curve": [
        0.0,
        0.025232057597574836,
        0.03830855963959412,
        0.05986269515924688,
        0.08873111639318536,
        0.11204398207156828,
        0.11775826778585398,
        0.1308347698278733,
        0.13819698615560683,
        0.16581625577487646,
        0.17839916175778245,
        0.195361378085516,
        0.20037705206670725,
        0.2048214965111517,
        0.21482149651115168,
        0.22949799855317096,
        0.24201577043646008,
        0.24856990595611286,
        0.25148767783940196,
        0.26286698818422954,
        0.2658462985290571,
        0.2710211237038823,
        0.2910211237038823,
        0.2925595852423439,
        0.297734410417169,
        0.30935008439836026,
        0.30935008439836026,
        0.30935008439836026,
        0.30935008439836026,
        0.30935008439836026,
        0.3154678562816494,
        0.320704219918013,
        0.320704219918013,
        0.3236219918013022,
        0.32516045333976373,
        0.3421301503094607,
        0.3421301503094607,
        0.35713015030946066,
        0.3585094606542883,
        0.3601094606542883,
        0.36302723253757735,
        0.3660065428824049,
        0.3760065428824049,
        0.37760654288240486,
        0.37760654288240486,
        0.37914500442086646,
        0.37914500442086646,
        0.3820627763041556,
        0.38344208664898316,
        0.38344208664898316,
        0.38344208664898316,
        0.38344208664898316,
        0.39344208664898317,
        0.39344208664898317,
        0.3950420866489832,
        0.3950420866489832,
        0.3950420866489832,
        0.3950420866489832,
        0.3950420866489832,
        0.3950420866489832,
        0.3950420866489832,
        0.3966420866489832,
        0.40664208664898316,
        0.40664208664898316,
        0.40664208664898316,
        0.40664208664898316,
        0.40962139699381084,
        0.40962139699381084,
        0.40962139699381084,
        0.40962139699381084,
        0.40962139699381084,
        0.40962139699381084,
        0.40962139699381084,
        0.40962139699381084,
        0.4176213969938108,
        0.4176213969938108,
        0.4276213969938108,
        0.4276213969938108,
        0.4276213969938108,
        0.4276213969938108,
        0.4276213969938108,
        0.4276213969938108,
        0.4276213969938108,
        0.4276213969938108,
        0.4276213969938108,
        0.4276213969938108,
        0.4276213969938108,
        0.4276213969938108,
        0.4276213969938108,
        0.4276213969938108,
        0.4292213969938108,
        0.4292213969938108,
        0.4292213969938108,
        0.4292213969938108,
        0.4292213969938108,
        0.4307598585322723,
        0.4407598585322723,
        0.4407598585322723,
        0.4407598585322723,
        0.4407598585322723,
        0.4407598585322723
      ],
      "recall_table": [
        {
          "k": 1,
          "Recall": 0.025232057597574836
        },
        {
          "k": 5,
          "Recall": 0.11204398207156828
        },
        {
          "k": 10,
          "Recall": 0.17839916175778245
        },
        {
          "k": 20,
          "Recall": 0.2658462985290571
        },
        {
          "k": 50,
          "Recall": 0.38344208664898316
        },
        {
          "k": 100,
          "Recall": 0.4407598585322723
        }
      ],
      "metrics_table": [
        {
          "k": 10,
          "NDCG": 0.2223527021850783,
          "MAP": 0.16287106324011083,
          "MRR": 0.2911111111111111
        },
        {
          "k": 50,
          "NDCG": 0.27969208119518063,
          "MAP": 0.17759907656336793,
          "MRR": 0.30092929292929294
        },
        {
          "k": 100,
          "NDCG": 0.2967742428042683,
          "MAP": 0.1825480150378762,
          "MRR": 0.30092929292929294
        }
      ],
      "num_queries": 25,
      "num_eval_queries": 25
    },
    "critical": {
      "recall_curve": [
        0.0,
        0.030766666666666668,
        0.04293333333333333,
        0.0561,
        0.08686666666666666,
        0.11796666666666666,
        0.11796666666666666,
        0.13213333333333332,
        0.13629999999999998,
        0.1703,
        0.1874,
        0.22116666666666668,
        0.22683333333333333,
        0.22683333333333333,
        0.22683333333333333,
        0.25060000000000004,
        0.2563666666666667,
        0.26453333333333334,
        0.2687,
        0.28369999999999995,
        0.28696666666666665,
        0.2934666666666667,
        0.3134666666666667,
        0.3134666666666667,
        0.3174666666666667,
        0.32973333333333327,
        0.32973333333333327,
        0.32973333333333327,
        0.32973333333333327,
        0.32973333333333327,
        0.3351052631578947,
        0.34070526315789473,
        0.34070526315789473,
        0.34237192982456144,
        0.34237192982456144,
        0.3597052631578947,
        0.3597052631578947,
        0.3847052631578947,
        0.3863719298245614,
        0.3884771929824561,
        0.3926438596491228,
        0.39474912280701757,
        0.4080824561403509,
        0.4096824561403509,
        0.4096824561403509,
        0.4096824561403509,
        0.4096824561403509,
        0.4113491228070176,
        0.4130157894736843,
        0.4130157894736843,
        0.4130157894736843,
        0.4130157894736843,
        0.42634912280701753,
        0.42634912280701753,
        0.4279491228070175,
        0.4279491228070175,
        0.4279491228070175,
        0.4279491228070175,
        0.4279491228070175,
        0.4279491228070175,
        0.4279491228070175,
        0.42954912280701757,
        0.4395491228070176,
        0.4395491228070176,
        0.4395491228070176,
        0.4395491228070176,
        0.4428157894736842,
        0.4428157894736842,
        0.4428157894736842,
        0.4428157894736842,
        0.4428157894736842,
        0.4428157894736842,
        0.4428157894736842,
        0.4428157894736842,
        0.4428157894736842,
        0.4428157894736842,
        0.4428157894736842,
        0.4428157894736842,
        0.4428157894736842,
        0.4428157894736842,
        0.4428157894736842,
        0.4428157894736842,
        0.4428157894736842,
        0.4428157894736842,
        0.4428157894736842,
        0.4428157894736842,
        0.4428157894736842,
        0.4428157894736842,
        0.4428157894736842,
        0.4428157894736842,
        0.44441578947368426,
        0.44441578947368426,
        0.44441578947368426,
        0.44441578947368426,
        0.44441578947368426,
        0.44441578947368426,
        0.4644157894736843,
        0.4644157894736843,
        0.4644157894736843,
        0.4644157894736843,
        0.4644157894736843
      ],
      "recall_table": [
        {
          "k": 1,
          "Recall": 0.030766666666666668
        },
        {
          "k": 5,
          "Recall": 0.11796666666666666
        },
        {
          "k": 10,
          "Recall": 0.1874
        },
        {
          "k": 20,